{"timings": [{"hold_time": {"period": 0.09613180160522461, "t": 0.1401968002319336, "i": 0.15288400650024414, "e": 0.18640732765197754, "5": 0.10037660598754883, "R": 0.1339550018310547, "o": 0.14400768280029297, "a": 0.13046789169311523, "n": 0.09076356887817383, "l": 0.10372233390808105, "Return": 0.06826043128967285}, "ud_key1_key2": {"UD.period.t": 2.383864641189575, "UD.t.i": 1.6991548538208008, "UD.i.e": 2.078403949737549, "UD.e.5": 2.074021339416504, "UD.5.R": 2.068817615509033, "UD.R.o": 2.3646047115325928, "UD.o.a": 0.9316370487213135, "UD.a.n": 1.3769817352294922, "UD.n.l": 1.9309604167938232, "UD.l.Return": 0.6106982231140137}, "dd_key1_key2": {"DD.period.t": 2.2877328395843506, "DD.t.i": 1.5589580535888672, "DD.i.e": 1.9255199432373047, "DD.e.5": 1.8876140117645264, "DD.5.R": 1.9684410095214844, "DD.R.o": 2.230649709701538, "DD.o.a": 0.7876293659210205, "DD.a.n": 1.246513843536377, "DD.n.l": 1.8401968479156494, "DD.l.Return": 0.5069758892059326}}], "user": "karthika"}